X,Y,NAME,LABEL
120.7512427,30.75084798,"嘉兴市",2
120.0830671,30.89524644,"湖州市",80
120.574379,30.00700998,"绍兴市",140
122.202972,29.98754304,"舟山市",165
121.546246,29.87620299,"宁波市",86
119.642848,29.08127199,"金华市",184
118.869413,28.93892703,"衢州市",72
121.416636,28.65889302,"台州市",38
119.912514,28.455276,"丽水市",49
120.695457,27.99819198,"温州市",127
103.71468,27.341637,"昭通市",23
